{"cameraMode":{"drawMode":0,"name":"Shaded","section":"Shading Mode"},"sceneLighting":false,"audioPlay":false,"sceneViewState":{"showFog":true,"showMaterialUpdate":false,"showSkybox":true,"showFlares":true,"showImageEffects":true,"showParticleSystems":true},"in2DMode":false,"pivot":{"x":0.353442907333374,"y":0.857546329498291,"z":0.11525881290435791},"rotation":{"x":-0.0015686925034970046,"y":-0.9983626008033752,"z":0.04585489258170128,"w":-0.03416094556450844},"size":4.955506324768066,"orthographic":false}