{"cameraMode":{"drawMode":0,"name":"Shaded","section":"Shading Mode"},"sceneLighting":false,"audioPlay":false,"sceneViewState":{"showFog":true,"showMaterialUpdate":false,"showSkybox":true,"showFlares":true,"showImageEffects":true,"showParticleSystems":true},"in2DMode":false,"pivot":{"x":0.028020381927490236,"y":2.1391708850860597,"z":0.11564755439758301},"rotation":{"x":0.008001881651580334,"y":-0.9810890555381775,"z":0.041521307080984119,"w":0.18888162076473237},"size":8.779214859008789,"orthographic":false}