{"cameraMode":{"drawMode":0,"name":"Shaded","section":"Shading Mode"},"sceneLighting":false,"audioPlay":false,"sceneViewState":{"showFog":true,"showMaterialUpdate":false,"showSkybox":true,"showFlares":true,"showImageEffects":true,"showParticleSystems":true},"in2DMode":false,"pivot":{"x":-0.10193580389022827,"y":0.84575355052948,"z":0.18311858177185059},"rotation":{"x":0.0008590729557909071,"y":-0.9974827766418457,"z":0.06983558088541031,"w":0.0122660081833601},"size":72.12077331542969,"orthographic":false}