{"cameraMode":{"drawMode":0,"name":"Shaded","section":"Shading Mode"},"sceneLighting":true,"audioPlay":false,"sceneViewState":{"showFog":true,"showMaterialUpdate":false,"showSkybox":true,"showFlares":true,"showImageEffects":true,"showParticleSystems":true},"in2DMode":false,"pivot":{"x":-3.8730320930480959,"y":0.12102854996919632,"z":7.305981636047363},"rotation":{"x":-0.00010176061186939478,"y":0.9992820620536804,"z":-0.03779042884707451,"w":-0.0026982335839420559},"size":5.0426154136657719,"orthographic":true}