{"cameraMode":{"drawMode":0,"name":"Shaded","section":"Shading Mode"},"sceneLighting":false,"audioPlay":false,"sceneViewState":{"showFog":true,"showMaterialUpdate":false,"showSkybox":true,"showFlares":true,"showImageEffects":true,"showParticleSystems":true},"in2DMode":false,"pivot":{"x":-323.58197021484377,"y":73.42333984375,"z":-76.91810607910156},"rotation":{"x":-0.006471149157732725,"y":-0.9351052641868591,"z":0.3538971543312073,"w":-0.01712130196392536},"size":4.666904449462891,"orthographic":false}