{"cameraMode":{"drawMode":0,"name":"Shaded","section":"Shading Mode"},"sceneLighting":false,"audioPlay":false,"sceneViewState":{"showFog":true,"showMaterialUpdate":false,"showSkybox":true,"showFlares":true,"showImageEffects":true,"showParticleSystems":true},"in2DMode":false,"pivot":{"x":0.000001430511474609375,"y":2.8773715496063234,"z":0.13516712188720704},"rotation":{"x":0.00176348933018744,"y":-0.9973298907279968,"z":0.06832204759120941,"w":0.02573295310139656},"size":16.243417739868165,"orthographic":false}